{"cameraMode":{"drawMode":0,"name":"Shaded","section":"Shading Mode"},"sceneLighting":true,"audioPlay":false,"sceneViewState":{"showFog":true,"showMaterialUpdate":false,"showSkybox":true,"showFlares":true,"showImageEffects":true,"showParticleSystems":true},"in2DMode":false,"pivot":{"x":-22.4976863861084,"y":-35.95847702026367,"z":21.609689712524415},"rotation":{"x":0.3943862318992615,"y":-0.3498157858848572,"z":0.16552674770355225,"w":0.8334718346595764},"size":26.335025787353517,"orthographic":false}