{"cameraMode":{"drawMode":0,"name":"Shaded","section":"Shading Mode"},"sceneLighting":true,"audioPlay":false,"sceneViewState":{"showFog":true,"showMaterialUpdate":false,"showSkybox":true,"showFlares":true,"showImageEffects":true,"showParticleSystems":true},"in2DMode":false,"pivot":{"x":16.288619995117189,"y":-3.638568878173828,"z":-9.169631958007813},"rotation":{"x":-0.05750565230846405,"y":0.9417099356651306,"z":-0.2533504068851471,"w":-0.21375010907649995},"size":31.29041862487793,"orthographic":false}