{"cameraMode":{"drawMode":0,"name":"Shaded","section":"Shading Mode"},"sceneLighting":true,"audioPlay":false,"sceneViewState":{"showFog":true,"showMaterialUpdate":false,"showSkybox":true,"showFlares":true,"showImageEffects":true,"showParticleSystems":true},"in2DMode":false,"pivot":{"x":-3.0192391872406008,"y":-33.67578125,"z":-16.4713134765625},"rotation":{"x":0.05567656457424164,"y":-0.8602170944213867,"z":0.49764180183410647,"w":0.09623956680297852},"size":27.80044174194336,"orthographic":false}